Date,Clicks,Impressions,CTR,Position
2026-06-25,4,98,4.08%,12.1
2026-06-26,9,76,11.84%,10.4
2026-06-27,9,95,9.47%,11.7
2026-06-28,9,105,8.57%,8.5
2026-06-29,23,120,19.17%,9.4
2026-06-30,16,117,13.68%,9.4
2026-07-01,9,83,10.84%,11.9
2026-07-02,3,99,3.03%,11
2026-07-03,8,71,11.27%,10.4
2026-07-04,4,60,6.67%,12.1
2026-07-05,10,95,10.53%,9.3
2026-07-06,6,123,4.88%,8.6
2026-07-07,18,103,17.48%,7.8
2026-07-08,8,83,9.64%,8.3
2026-07-09,2,66,3.03%,12
2026-07-10,5,69,7.25%,10.3
2026-07-11,6,107,5.61%,14.5
2026-07-12,13,159,8.18%,11.6
2026-07-13,10,102,9.8%,14.9
2026-07-14,8,126,6.35%,16.8
2026-07-15,11,92,11.96%,12.6
2026-07-16,8,75,10.67%,11.6
2026-07-17,9,98,9.18%,12.5
2026-07-18,3,91,3.3%,9.8
2026-07-19,6,62,9.68%,9.5
2026-07-20,9,92,9.78%,7.5
2026-07-21,22,110,20%,7.9
2026-07-22,15,122,12.3%,11.6
2026-07-23,6,95,6.32%,18.1
2026-07-24,4,98,4.08%,16.5
2026-07-25,2,81,2.47%,12.1
2026-07-26,11,95,11.58%,11
2026-07-27,13,86,15.12%,10.3
2026-07-28,19,149,12.75%,13.2
2026-07-29,5,68,7.35%,12.1
2026-07-30,3,69,4.35%,12.7
2026-07-31,7,82,8.54%,12.3
2026-08-01,6,70,8.57%,10.8
2026-08-02,5,92,5.43%,13.5
2026-08-03,7,76,9.21%,9.5
2026-08-04,21,105,20%,6.6
2026-08-05,4,72,5.56%,12.6
2026-08-06,4,72,5.56%,11.6
2026-08-07,6,73,8.22%,15.4
2026-08-08,14,92,15.22%,7.4
2026-08-09,5,99,5.05%,11.2
2026-08-10,9,95,9.47%,9.5
2026-08-11,18,121,14.88%,10.4
2026-08-12,6,89,6.74%,15.3
2026-08-13,3,84,3.57%,14.8
2026-08-14,7,94,7.45%,7.6
2026-08-15,7,81,8.64%,10.5
2026-08-16,3,121,2.48%,13.7
2026-08-17,9,113,7.96%,11.5
2026-08-18,14,150,9.33%,11.9
2026-08-19,11,121,9.09%,11.6
2026-08-20,3,97,3.09%,24.6
2026-08-21,7,132,5.3%,19.3
2026-08-22,9,133,6.77%,10.6
2026-08-23,27,175,15.43%,7.4
2026-08-24,19,116,16.38%,10.4
2026-08-25,19,139,13.67%,11
2026-08-26,9,96,9.38%,14.4
2026-08-27,9,114,7.89%,13.3
2026-08-28,14,94,14.89%,9.9
2026-08-29,3,113,2.65%,16.9
2026-08-30,6,113,5.31%,17.2
2026-08-31,10,113,8.85%,13.2
2026-09-01,13,109,11.93%,9
2026-09-02,7,78,8.97%,7.8
2026-09-03,2,82,2.44%,10.9
2026-09-04,8,102,7.84%,11.9
2026-09-05,10,79,12.66%,9.2
2026-09-06,10,114,8.77%,12.3
2026-09-07,6,100,6%,12.3
2026-09-08,20,156,12.82%,12.1
2026-09-09,13,154,8.44%,17.1
2026-09-10,6,86,6.98%,13.6
2026-09-11,11,97,11.34%,9.8
2026-09-12,2,41,4.88%,11.5
2026-09-13,10,81,12.35%,6.4
2026-09-14,11,90,12.22%,9.3
2026-09-15,20,130,15.38%,6.8
2026-09-16,5,64,7.81%,10.1
2026-09-17,8,94,8.51%,13.7
2026-09-18,8,87,9.2%,14.7
2026-09-19,5,72,6.94%,8.4
2026-09-20,8,82,9.76%,10.2
2026-09-21,6,102,5.88%,12.8
2026-09-22,22,188,11.7%,9.5
2026-09-23,7,127,5.51%,17.2
2026-09-24,6,81,7.41%,18.7