Country,Clicks,Impressions,CTR,Position
Ireland,550,4965,11.08%,7.53
United States,87,1354,6.43%,11.23
United Kingdom,68,883,7.7%,13.89
Germany,29,155,18.71%,9.12
Spain,17,65,26.15%,8.38
Netherlands,15,71,21.13%,13.18
Canada,14,206,6.8%,21.63
Italy,10,61,16.39%,7.79
France,9,68,13.24%,8.97
Australia,8,218,3.67%,26.83
Belgium,5,20,25%,5.4
Switzerland,5,19,26.32%,25.74
Czechia,3,22,13.64%,16.45
Austria,3,17,17.65%,9.94
Denmark,3,12,25%,4.58
Indonesia,2,56,3.57%,31.52
Brazil,2,44,4.55%,12.86
Malaysia,2,32,6.25%,34.03
Finland,2,11,18.18%,10.27
Sweden,2,8,25%,8.38
Latvia,2,8,25%,35.62
India,1,109,0.92%,36.38
New Zealand,1,48,2.08%,13.98
Mexico,1,29,3.45%,28.59
Ukraine,1,22,4.55%,31.64
Singapore,1,16,6.25%,7
Portugal,1,13,7.69%,7
Poland,1,12,8.33%,13.75
Japan,1,12,8.33%,14.08
Norway,1,10,10%,5.4
Israel,1,9,11.11%,15.44
Slovenia,1,6,16.67%,3.33
Cyprus,1,4,25%,4
Hungary,1,3,33.33%,12
Vietnam,0,128,0%,31.76
Philippines,0,73,0%,32.96
Bangladesh,0,33,0%,41.79
Russia,0,30,0%,31.27
Turkey,0,29,0%,35.55
Morocco,0,25,0%,36.16
Algeria,0,24,0%,34.62
Thailand,0,21,0%,30.71
Saudi Arabia,0,18,0%,16.94
Pakistan,0,18,0%,20.94
South Korea,0,16,0%,36.94
Ecuador,0,14,0%,27.71
Colombia,0,12,0%,25.92
Argentina,0,11,0%,16.09
Nigeria,0,11,0%,27.27
Egypt,0,11,0%,32.82
Jordan,0,10,0%,29.7
Hong Kong,0,9,0%,7
Croatia,0,6,0%,3.67
China,0,5,0%,6.6
Peru,0,5,0%,28
Iraq,0,5,0%,41.4
Chile,0,4,0%,26.25
United Arab Emirates,0,3,0%,7
Iran,0,3,0%,8.67
Oman,0,3,0%,32.67
Kenya,0,3,0%,35.67
Åland Islands,0,2,0%,2.5
Lebanon,0,2,0%,4
Greece,0,2,0%,4.5
South Africa,0,2,0%,5.5
Cambodia,0,2,0%,8.5
Romania,0,2,0%,10.5
Tunisia,0,2,0%,13
Azerbaijan,0,2,0%,15
Albania,0,2,0%,21
Dominican Republic,0,2,0%,22
Kyrgyzstan,0,2,0%,23
Trinidad & Tobago,0,2,0%,23
Ethiopia,0,2,0%,26.5
Syria,0,2,0%,40
Georgia,0,2,0%,44
Papua New Guinea,0,1,0%,1
Barbados,0,1,0%,2
Cayman Islands,0,1,0%,3
St. Vincent & Grenadines,0,1,0%,3
Malta,0,1,0%,4
Angola,0,1,0%,5
Iceland,0,1,0%,5
Kazakhstan,0,1,0%,7
Puerto Rico,0,1,0%,7
Montenegro,0,1,0%,8
Estonia,0,1,0%,9
Uruguay,0,1,0%,9
Guernsey,0,1,0%,11
Bahrain,0,1,0%,14
Uzbekistan,0,1,0%,17
Paraguay,0,1,0%,21
Venezuela,0,1,0%,30
Bulgaria,0,1,0%,32
Bolivia,0,1,0%,34
Honduras,0,1,0%,34
Côte d’Ivoire,0,1,0%,40
Guatemala,0,1,0%,43
Dominica,0,1,0%,51
Ghana,0,1,0%,51
Fiji,0,1,0%,56