Top queries,Clicks,Impressions,CTR,Position
ukulele tuesday,167,278,60.07%,2.61
ukulele tuesday songbook,86,107,80.37%,1.14
ukulele tuesday dublin,72,123,58.54%,1
ukulele dublin,17,272,6.25%,3.94
tuesday ukulele group,12,49,24.49%,6.55
ukulele songbook,9,125,7.2%,22.75
ukulele groups near me,4,61,6.56%,4.02
ukulele songbooks,2,76,2.63%,18.03
ukulele club songbook pdf,2,26,7.69%,6
ukulele songbook pdf,2,6,33.33%,59
ukulele lessons dublin,1,147,0.68%,9.1
ukulele bands ireland,1,136,0.74%,6.15
tuesday ukes,1,30,3.33%,8.13
tuesday night dublin,1,29,3.45%,13.1
ukulele classes near me for adults,1,27,3.7%,11.19
uke songbook,1,14,7.14%,26.36
dublin ukulele collective,1,13,7.69%,14.54
ukulele songbooks free,1,10,10%,15.1
ukulele groups near me for adults,1,7,14.29%,2.57
ukulele groups,1,6,16.67%,1.5
ukulele group near me,1,6,16.67%,2.83
2 chord ukulele songs pdf,1,5,20%,22.2
yes,1,3,33.33%,1.67
ukelele club,1,2,50%,2
3 chord ukulele songs pdf free download,1,2,50%,7.5
sun city ukulele club songs,1,1,100%,27
ukulele wednesdays songbook pdf,1,1,100%,74
ukulele,0,521,0%,12.79
tuesday,0,179,0%,8.24
ukulele wednesday songbook,0,111,0%,6.7
uke ireland,0,75,0%,8.05
ukulele music books,0,64,0%,42.98
wednesday ukulele songbook,0,52,0%,7.54
ukulele near me,0,47,0%,11.83
ukulele club songbooks,0,47,0%,11.89
ukulele ireland,0,46,0%,10.54
ukulele classes near me,0,45,0%,10.64
tuesdays,0,40,0%,6.53
ukele,0,39,0%,10.31
ukulele books,0,33,0%,49.36
ukulele book,0,26,0%,41.73
ukulele song book,0,23,0%,19.78
ukulele club songbook,0,21,0%,20.76
ukulele songs,0,18,0%,5.56
ukulele song books,0,17,0%,24.18
ukulele songbook for beginners,0,17,0%,32.94
rockshop ukulele,0,16,0%,44.75
uke,0,14,0%,8.57
12 tuesday,0,14,0%,13.29
ukulele lessons near me,0,13,0%,12.62
tuesday's,0,12,0%,5.33
tuesday 12,0,11,0%,10.27
10£ tuesday,0,11,0%,18.82
ukulele epub,0,11,0%,52.55
ukulele groups near me for beginners,0,10,0%,2.6
tuesday session,0,10,0%,6.6
ukulele band,0,10,0%,7.5
best ukulele songbooks,0,10,0%,35.2
ukulele session,0,9,0%,3.78
ukulele songs book,0,9,0%,21
ukulele blues songs pdf,0,9,0%,33.78
ukulele classes dublin,0,8,0%,6.25
tuesday night,0,8,0%,6.62
ukulele lessons near me for adults,0,8,0%,11.88
ukulele wednesdays,0,8,0%,29.25
purchase ukulele online,0,8,0%,41.88
buy ukulele ireland,0,8,0%,43.25
concert ukulele kit,0,8,0%,45.75
call me tuesday,0,8,0%,65.62
free ukulele songbooks,0,7,0%,9.86
ukulele bands near me,0,7,0%,10.57
ukulele boogaloo,0,7,0%,19.29
san jose ukulele club songbook,0,7,0%,43.43
plastic concert ukulele,0,7,0%,48.57
electric ukulele,0,7,0%,49.86
san jose ukulele club,0,7,0%,55.14
ukulele club,0,6,0%,2.33
ukulele wednesdays songbook,0,6,0%,16.33
buy ukulele online,0,6,0%,43.33
ukulele music book,0,6,0%,46.67
ukulele hooley,0,5,0%,18
ukulele songs pdf,0,5,0%,22.4
ukulele song book pdf,0,5,0%,48.4
ukulele chord book,0,5,0%,48.6
ukulele club near me,0,4,0%,3.25
ukulele band near me,0,4,0%,5.75
friday i'm in love ukulele,0,4,0%,9
99 ukulele songs,0,4,0%,10.25
uklele,0,4,0%,11.5
songbooks for ukulele,0,4,0%,15.25
songbook ukulele,0,4,0%,23.5
wednesday ukulele,0,4,0%,29
san jose ukulele songbook,0,4,0%,32.75
uke song book,0,4,0%,35.5
dr uke songbook,0,4,0%,37.5
ukulele price,0,4,0%,40
the ukulele club songbook,0,4,0%,51.25
concerts on tuesday,0,3,0%,1
uke band,0,3,0%,1.67
ukulele events near me,0,3,0%,1.67
ukelele group,0,3,0%,3.67
tuseday,0,3,0%,4.33
ukelele,0,3,0%,5.67
ukelele band,0,3,0%,5.67
tuesday l,0,3,0%,8
ukulele bands,0,3,0%,8.67
sebs ukulele songbook,0,3,0%,9
ukulele classes,0,3,0%,9.33
stewart greenhill ukulele,0,3,0%,10
ukalele,0,3,0%,11.33
eukele,0,3,0%,11.67
ukulele lessons,0,3,0%,14.67
austin ukulele society songbook,0,3,0%,16.33
ukulele song books for beginners,0,3,0%,16.33
ozbcoz songbook,0,3,0%,20.67
ukulele bag,0,3,0%,22
marlow ukulele songbook,0,3,0%,24
bytown ukulele songbook,0,3,0%,30.33
sunshine coast ukulele masters songbook,0,3,0%,33.67
best ukulele song books,0,3,0%,36.33
southampton ukulele jam songs,0,3,0%,37.33
cheltenham tips for tuesday,0,3,0%,39.67
ukulele songs album,0,3,0%,43.67
ukulele songbook pdf free download,0,3,0%,44
churchdown ukulele club,0,3,0%,48.67
daily ukulele book,0,3,0%,51.67
ukulele 3 chord songbook,0,3,0%,52.67
3 chord ukulele songs pdf,0,3,0%,54
ukulele groups near me for adults for beginners,0,2,0%,1
tusday,0,2,0%,2
ukulele jams,0,2,0%,2
ukulele concert,0,2,0%,3
ukulele koncerts,0,2,0%,3
ukelele songs,0,2,0%,5.5
group ukulele lessons,0,2,0%,6.5
ukulele show,0,2,0%,7
culele,0,2,0%,7.5
stags head live music,0,2,0%,8
tiesday,0,2,0%,8
ukulele song,0,2,0%,8
cold old fire chords,0,2,0%,8.5
ukele band,0,2,0%,8.5
songs on ukulele,0,2,0%,9
ukelele near me,0,2,0%,10.5
ukuele,0,2,0%,10.5
ukulele for beginners,0,2,0%,10.5
ullele,0,2,0%,11
tuesday night in dublin,0,2,0%,12.5
ukelele classes near me,0,2,0%,12.5
ukulele near toronto,0,2,0%,13
rathfarnham ukulele group,0,2,0%,13.5
uke songbooks,0,2,0%,20
ukulele zpěvník pdf,0,2,0%,22.5
song 2 ukulele,0,2,0%,27.5
morristown ukulele songbook,0,2,0%,28.5
ukulele concert near me,0,2,0%,30.5
san jose uke club songbook,0,2,0%,31
ozbcoz ukulele,0,2,0%,31.5
sue ryder ukulele,0,2,0%,32
santa cruz ukulele club songbook,0,2,0%,32.5
hallelujah panic at the disco ukulele chords,0,2,0%,34.5
best ukulele songbook,0,2,0%,36
bytown ukulele songs,0,2,0%,36
seasons of the ukulele,0,2,0%,36.5
ukulele music books free,0,2,0%,37
tuesday bar events near me,0,2,0%,38
book of life ukulele chords,0,2,0%,40
ukelele wednesdays,0,2,0%,41.5
ukulele to buy,0,2,0%,46.5
ukulele christmas songbook,0,2,0%,47.5
tenor ukulele,0,2,0%,49
ukulele songbooks pdf,0,2,0%,49.5
ukulele books pdf,0,2,0%,58.5
ukulele songbook for beginners pdf,0,2,0%,61
ukulele campfire songs pdf,0,2,0%,71.5
ukulele song sheets,0,2,0%,80
"""galway uke fest"" -site:reddit.com -site:twitter.com -site:x.com 
-site:wykop.pl -site:tripadvisor.com -site:youtube.com -site:yelp.com 
-site:booking.com -site:facebook.com -site:instagram.com -site:tiktok.com",0,1,0%,1
beginner,0,1,0%,1
chord sheets for songs,0,1,0%,1
funny things to do in dublin,0,1,0%,1
stage ukulele,0,1,0%,1
ukalaly,0,1,0%,1
ukelele groups near me,0,1,0%,1
ukulele clubs near me,0,1,0%,1
ukulele groups dublin,0,1,0%,1
ukulele jam,0,1,0%,1
what songs,0,1,0%,1
what time does it finish,0,1,0%,1
free pdf,0,1,0%,2
how long does it go on for,0,1,0%,2
is there a cover charge,0,1,0%,2
summer tuesdays,0,1,0%,2
this coming week,0,1,0%,2
tonight,0,1,0%,2
ucalale,0,1,0%,2
ukulele tabs pdf free download,0,1,0%,2
ukulelesklangs,0,1,0%,2
experienced,0,1,0%,3
lukulele,0,1,0%,3
malahide,0,1,0%,3
"site:chess.com/news/view ""rud_makarian"" ""march"" ""2024"" titled tuesday",0,1,0%,3
songs,0,1,0%,3
uke clubs near me,0,1,0%,3
ukelele book,0,1,0%,3
ukelete,0,1,0%,3
ukulele festivals 2026 near me,0,1,0%,3
ukulele group,0,1,0%,3
ulelele,0,1,0%,3
ukelel,0,1,0%,4
ukulele clubs,0,1,0%,4
ukulele songbook online,0,1,0%,4
uncle tuesday,0,1,0%,4
which do you recommend the most,0,1,0%,4
free ukulele lessons near me,0,1,0%,5
tueday,0,1,0%,5
tuesda,0,1,0%,5
tuesday karaoke,0,1,0%,5
ukellele,0,1,0%,5
ukulele cafe,0,1,0%,5
ukulele camp,0,1,0%,5
okulele,0,1,0%,6
original version,0,1,0%,6
tuesdat,0,1,0%,6
tursdat,0,1,0%,6
ucalaly,0,1,0%,6
ukelele lesson,0,1,0%,6
ukrle,0,1,0%,6
ukullee,0,1,0%,6
buchanan's,0,1,0%,7
come tuesday,0,1,0%,7
kala ukulele,0,1,0%,7
ukulele fest,0,1,0%,7
yukelele,0,1,0%,7
all tuesday,0,1,0%,8
palmerstown,0,1,0%,8
tuesday club nights,0,1,0%,8
tuesday tunes,0,1,0%,8
tuesdays with morrie,0,1,0%,8
ugli+schedule,0,1,0%,8
ukulele calendar,0,1,0%,8
ukulele intermediate songs,0,1,0%,8
ukulele lessons for beginners,0,1,0%,8
ukulele som,0,1,0%,8
urkelele,0,1,0%,8
boomba,0,1,0%,9
party tuesday,0,1,0%,9
song for ukulele,0,1,0%,9
tuesday concerts,0,1,0%,9
ukelele classes,0,1,0%,9
ukelele notes,0,1,0%,9
ukulele songs for beginners,0,1,0%,9
ukuleles,0,1,0%,9
early session,0,1,0%,10
ukelaly,0,1,0%,10
ukeule,0,1,0%,10
ukulele bags for sale,0,1,0%,10
ukulele day,0,1,0%,10
ukulele group near me for beginners,0,1,0%,10
ukulele lessons beginner,0,1,0%,10
what's on tuesday,0,1,0%,10
worcester ukulele club songbook,0,1,0%,10
cheltenham tips tuesday,0,1,0%,11
culelw,0,1,0%,11
eucalaly,0,1,0%,11
giving tuesday charities,0,1,0%,11
tues night,0,1,0%,11
tuesday’s,0,1,0%,11
ukalie,0,1,0%,11
uke lessons,0,1,0%,11
club tuesday,0,1,0%,12
kilkenny stags,0,1,0%,12
ukalale,0,1,0%,12
ukuleke,0,1,0%,12
ukulele building,0,1,0%,12
union hall festival,0,1,0%,12
uculele,0,1,0%,13
uekelel,0,1,0%,13
ukalalie,0,1,0%,13
ukalelel,0,1,0%,13
yukele,0,1,0%,13
yukelee,0,1,0%,13
tuesday euromillions,0,1,0%,14
ukulele classes for beginners near me,0,1,0%,14
southern ukes,0,1,0%,16
ukululu,0,1,0%,16
yukelel,0,1,0%,16
ukulele festival,0,1,0%,17
mugs ukulele group,0,1,0%,18
san jose songbook,0,1,0%,18
ukulele classes for beginners,0,1,0%,20
absolute beginners ukulele,0,1,0%,21
filetype:pdf ukulele,0,1,0%,21
play tuesday,0,1,0%,22
uke lessons for beginners,0,1,0%,22
ruby tuesday ukulele chords,0,1,0%,24
mother carole and tuesday chords,0,1,0%,25
the apology song ukulele chords,0,1,0%,25
ukulele fake book,0,1,0%,25
my smile is extinct chords ukulele,0,1,0%,26
ozbcoz ukulele songs,0,1,0%,26
don't stop me now chords ukulele,0,1,0%,27
ukulele song books pdf free,0,1,0%,29
hey everybody big uke here,0,1,0%,30
ukelele song book,0,1,0%,31
rocky road to dublin ukulele,0,1,0%,33
so done ukulele chords,0,1,0%,33
summer holiday ukulele chords,0,1,0%,34
ukulele clubs songbooks,0,1,0%,34
herald ukulele,0,1,0%,35
san jose uke songbook,0,1,0%,36
can't stop the feeling ukulele play along,0,1,0%,37
san jose uke club,0,1,0%,37
sunkissed ukulele chords,0,1,0%,37
bytown ukulele group songs,0,1,0%,38
ukulele class near me,0,1,0%,39
weekday dublin,0,1,0%,39
ukulele chords book,0,1,0%,40
ukulele electric,0,1,0%,40
belfast ukulele songbook,0,1,0%,43
ukulele songbook free,0,1,0%,44
belfast uke jam songbook,0,1,0%,46
seaside ukulele,0,1,0%,46
trove tuesday,0,1,0%,46
ukulele daily,0,1,0%,46
zpěvník ukulele,0,1,0%,46
gloucester strings ukulele club songs,0,1,0%,47
san jose ukulele,0,1,0%,47
ukulele chords songs,0,1,0%,47
walk right back ukulele chords,0,1,0%,50
songbook ukulele pdf,0,1,0%,51
those were the days ukulele,0,1,0%,51
ukulele pdf free download,0,1,0%,51
ukulele group songbooks,0,1,0%,52
concert ukulele for sale,0,1,0%,53
belfast ukulele jam songbook,0,1,0%,54
modern ukulele songs pdf,0,1,0%,54
here's where the story ends ukulele chords,0,1,0%,56
daily ukulele songbook,0,1,0%,58
the daily ukulele,0,1,0%,59
learn to play the ukulele,0,1,0%,60
the daily ukulele songbook,0,1,0%,61
ukulele community,0,1,0%,61
ukulele lieder mit 3 akkorden pdf,0,1,0%,61
daily ukulele another year,0,1,0%,62
baritone ukulele songbooks,0,1,0%,63
ukulele book pdf,0,1,0%,63
song sheets for ukulele,0,1,0%,65
ukulele lady sheet music,0,1,0%,65
ukulele sheet music popular songs,0,1,0%,71
ukulele chord melody songbook pdf,0,1,0%,75
ukulele song sheet,0,1,0%,76
ukulele lieder pdf,0,1,0%,86