Top pages,Clicks,Impressions,CTR,Position
https://www.ukuleletuesday.ie/,1917,20101,9.54%,8.22
https://www.ukuleletuesday.ie/songbook/,855,16034,5.33%,16.6
https://songbooks.ukuleletuesday.ie/,173,3395,5.1%,5.44
https://ukuleletuesday.ie/,129,6015,2.14%,5.9
https://www.ukuleletuesday.ie/tuesday-session/,87,5385,1.62%,5.9
https://www.ukuleletuesday.ie/concerts/,26,4495,0.58%,9.47
https://www.ukuleletuesday.ie/whatsapp/,26,1519,1.71%,4.8
https://www.ukuleletuesday.ie/assets/Code-of-Conduct.pdf,8,372,2.15%,19.25
https://www.ukuleletuesday.ie/contact-us/,2,1316,0.15%,3.74
https://www.ukuleletuesday.ie/testimonials/,2,749,0.27%,4.34
https://www.ukuleletuesday.ie/faq/,2,679,0.29%,5.43
https://www.ukuleletuesday.ie/code-of-conduct/,2,185,1.08%,3.95
https://www.ukuleletuesday.ie/support-us,0,161,0%,3.04
https://ukuleletuesday.ie/code-of-conduct/,0,10,0%,3.7
https://ukuleletuesday.ie/sample-page/,0,7,0%,8
https://songbooks.ukuleletuesday.ie/previews/complete.png,0,1,0%,11